hebrew_name,english_name,alpha2,alpha3,emoji
                        ,Albania                       ,al,alb,
专                        ,Andorra                       ,ad,and,
                        ,Angola                        ,ao,ago,
-专               ,Antigua - Barbuda             ,ag,atg,
专                      ,Argentina                     ,ar,arg,
专                        ,Armenia                       ,am,arm,
住专                      ,Australia                     ,au,aus,
住专                       ,Austria                       ,at,aut,
专'                     ,Azerbaijan                    ,az,aze,
 住                    ,Bahamas                       ,bs,bhs,ю
专                        ,Bahrain                       ,bh,bhr,ю
专住                        ,Barbados                      ,bb,brb,ю
专住                        ,Belarus                       ,by,blr,ю
                         ,Belgium                       ,be,bel,ю
                          ,Belize                        ,bz,blz,ю
                          ,Benin                         ,bj,ben,ю
                       ,Bolivia                       ,bo,bol,ю
住 专爪              ,Bosnia - Herzegovina          ,ba,bih,ю
专                         ,Brazil                        ,br,bra,ю
专                       ,Bulgaria                      ,bg,bgr,ю
专拽 驻住                   ,Burkina Faso                  ,bf,bfa,ю
专                       ,Burundi                       ,bi,bdi,ю
拽                       ,Cambodia                      ,kh,khm,梆
拽专                         ,Cameroon                      ,cm,cmr,
拽                          ,Canada                        ,ca,can,
专驻拽 专 驻专拽转        ,Central African Republic      ,cf,caf,
爪'                          ,Chad                          ,td,tcd,桂
爪'                         ,Chile                         ,cl,chl,
住                           ,China                         ,cn,chn,
拽                      ,Colombia                      ,co,col,
拽专住                       ,Comoros                       ,km,com,梆
拽                         ,Congo                         ,cg,cog,
专驻拽 拽专转 砖 拽  ,Congo (Democratic Republic)   ,cd,cod,
拽住 专拽                    ,Costa Rica                    ,cr,cri,
祝 砖 (拽 专)        ,Cote d'Ivoire                 ,ci,civ,
拽专                       ,Croatia                       ,hr,hrv,
拽                          ,Cuba                          ,cu,cub,
拽驻专住                       ,Cyprus                        ,cy,cyp,
爪'                         ,Czech Republic                ,cz,cze,
专拽                         ,Denmark                       ,dk,dnk,
拽                      ,Dominica                      ,dm,dma,
专驻拽 拽转         ,Dominican Republic            ,do,dom,
专 专                    ,East Timor                    ,tl,tls,桂
拽专                      ,Ecuador                       ,ec,ecu,
爪专                         ,Egypt                         ,eg,egy,
 住专                     ,El Salvador                   ,sv,slv,葛
 砖转                ,Equatorial Guinea             ,gq,gnq,
专转专                      ,Eritrea                       ,er,eri,
住                       ,Estonia                       ,ee,est,
住                     ,Eswatini                      ,sz,swz,葛
转驻                       ,Ethiopia                      ,et,eth,
驻'                         ,Fiji                          ,fj,fji,
驻                        ,Finland                       ,fi,fin,
爪专驻转                          ,France                        ,fr,fra,
                         ,Gabon                         ,ga,gab,
                         ,Gambia                        ,gm,gmb,
专                      ,Georgia                       ,ge,geo,
专                        ,Germany                       ,de,deu,
                          ,Ghana                         ,gh,gha,
                          ,Greece                        ,gr,grc,
专                         ,Grenada                       ,gd,grd,
                       ,Guatemala                     ,gt,gtm,
                         ,Guinea                        ,gn,gin,
-住                   ,Guinea-Bissau                 ,gw,gnb,
                        ,Guyana                        ,gy,guy,
                         ,Haiti                         ,ht,hti,
专住                       ,Honduras                      ,hn,hnd,
专                       ,Hungary                       ,hu,hun,
住                        ,Iceland                       ,is,isl,
                          ,India                         ,in,ind,
专                        ,Ireland                       ,ie,irl,
                        ,Italy                         ,it,ita,
'拽                       ,Jamaica                       ,jm,jam,
驻                           ,Japan                         ,jp,jpn,
专                          ,Jordan                        ,jo,jor,
拽住                       ,Kazakhstan                    ,kz,kaz,梆
拽                          ,Kenya                         ,ke,ken,梆
拽专                       ,Kiribati                      ,ki,kir,梆
拽专                        ,Korea                         ,kr,kor,梆
拽专住                     ,Kyrgyzstan                    ,kg,kgz,梆
住 ,Laos                          ,la,lao,别
                         ,Latvia                        ,lv,lva,别
住                         ,Lesotho                       ,ls,lso,别
专                        ,Liberia                       ,lr,lbr,别
砖                    ,Liechtenstein                 ,li,lie,别
                          ,Lithuania                     ,lt,ltu,别
拽住专                     ,Luxembourg                    ,lu,lux,别
拽                       ,Macedonia (FYROM)             ,mk,mkd,拆
住拽专                        ,Madagascar                    ,mg,mdg,拆
                        ,Malawi                        ,mw,mwi,拆
                          ,Mali                          ,ml,mli,拆
                          ,Malta                         ,mt,mlt,拆
 专砖                      ,Marshall Islands              ,mh,mhl,拆
专                     ,Mauritania                    ,mr,mrt,拆
专爪住                     ,Mauritius                     ,mu,mus,拆
住拽                        ,Mexico                        ,mx,mex,拆
拽专                     ,Micronesia                    ,fm,fsm,
                       ,Moldova                       ,md,mda,拆
拽                         ,Monaco                        ,mc,mco,拆
                      ,Mongolia                      ,mn,mng,拆
专                      ,Montenegro                    ,me,mne,拆
专拽                         ,Morocco                       ,ma,mar,拆
拽                       ,Mozambique                    ,mz,moz,拆
专                        ,Myanmar                       ,mm,mmr,拆
                        ,Namibia                       ,na,nam,仇
专                         ,Nauru                         ,nr,nru,仇
驻                          ,Nepal                         ,np,npl,仇
                         ,Netherlands                   ,nl,nld,仇
                      ,New Zealand                   ,nz,nzl,仇
拽专                      ,Nicaragua                     ,ni,nic,仇
'专                         ,Niger                         ,ne,ner,仇
专                        ,Nigeria                       ,ng,nga,仇
专                       ,Norway                        ,no,nor,仇
驻                          ,Panama                        ,pa,pan,叼
驻驻                  ,Papua New Guinea              ,pg,png,叼
驻专                       ,Paraguay                      ,py,pry,叼
驻专                           ,Peru                          ,pe,per,叼
驻驻                     ,Philippines                   ,ph,phl,叼
驻                         ,Poland                        ,pl,pol,叼
驻专                       ,Portugal                      ,pt,prt,叼
拽专                           ,Qatar                         ,qa,qat,娥
驻                          ,Republic Of Palau             ,pw,plw,叼
专                        ,Romania                       ,ro,rou,佛
专住                         ,Russian Federation            ,ru,rus,佛
专                        ,Rwanda                        ,rw,rwa,佛
住                         ,Samoa                         ,ws,wsm,拣
住 专                      ,San Marino                    ,sm,smr,葛
住 转 驻专爪驻            ,Sao Tome - Principe           ,st,stp,葛
住                          ,Senegal                       ,sn,sen,葛
住专                         ,Serbia                        ,rs,srb,佛
 住砖                     ,Seychelles                    ,sc,syc,葛
住专                   ,Sierra Leone                  ,sl,sle,葛
住驻专                       ,Singapore                     ,sg,sgp,葛
住拽                       ,"Slovak, The Republic          ",sk,svk,葛
住                       ,Slovenia                      ,si,svn,葛
 砖                      ,Solomon Islands               ,sb,slb,葛
专 驻专拽                   ,South Africa                  ,za,zaf,筐
专 住                    ,South Sudan                   ,ss,ssd,葛
住驻专                          ,Spain                         ,es,esp,
住专 拽                      ,Sri Lanka                     ,lk,lka,别
住' 拽住 住                ,St. Kitts and Nevis           ,kn,kna,梆
住 爪                     ,St. Lucia                     ,lc,lca,别
住' 住 专         ,St. Vincent - The Grenadines  ,vc,vct,火
注                         ,Oman,om,omn,答
住专                        ,Suriname                      ,sr,sur,葛
砖                         ,Sweden                        ,se,swe,葛
砖抓                        ,Switzerland                   ,ch,che,
'拽住                     ,Tajikistan                    ,tj,tjk,桂
转                        ,Thailand                      ,th,tha,桂
                          ,Togo                          ,tg,tgo,桂
                         ,Tonga                         ,to,ton,桂
专                 ,Trinidad & Tobago             ,tt,tto,桂
转专                        ,Turkey                        ,tr,tur,桂
转专住                   ,Turkmenistan                  ,tm,tkm,桂
                         ,Tuvalu                        ,tv,tuv,桂
                        ,Uganda                        ,ug,uga,吼
拽专                      ,Ukraine                       ,ua,ukr,吼
 专转 注专转,United Arab Emirates          ,ae,are,
专                       ,United Kingdom                ,gb,gbr,
                        ,United Republic of Tanzania   ,tz,tza,桂
专爪转 专转                   ,United States of America      ,us,usa,吼
专                      ,Uruguay                       ,uy,ury,吼
拽住                    ,Uzbekistan                    ,uz,uzb,吼
                        ,Vanuatu                       ,vu,vut,火
爪                       ,Venezuela                     ,ve,ven,火
                        ,Viet Nam                      ,vn,vnm,火
                         ,Zambia                        ,zm,zmb,筐
                     ,Zimbabwe                      ,zw,zwe,筐